{"cameraMode":{"drawMode":0,"name":"Shaded","section":"Shading Mode"},"sceneLighting":false,"audioPlay":false,"sceneViewState":{"m_AlwaysRefresh":false,"showFog":true,"showSkybox":false,"showFlares":true,"showImageEffects":true,"showParticleSystems":true,"showVisualEffectGraphs":true,"m_FxEnabled":true},"in2DMode":false,"pivot":{"x":0.15659883618354798,"y":-0.07399190217256546,"z":0.11940048635005951},"rotation":{"x":0.24880138039588929,"y":0.06387046724557877,"z":-0.016443759202957155,"w":0.96631920337677},"size":0.3202739655971527,"orthographic":false}