{"cameraMode":{"drawMode":0,"name":"Shaded","section":"Shading Mode"},"sceneLighting":false,"audioPlay":false,"sceneViewState":{"m_AlwaysRefresh":false,"showFog":true,"showSkybox":false,"showFlares":true,"showImageEffects":true,"showParticleSystems":true,"showVisualEffectGraphs":true,"m_FxEnabled":true},"in2DMode":false,"pivot":{"x":0.2567483186721802,"y":0.02624347060918808,"z":0.000994265079498291},"rotation":{"x":0.18197502195835114,"y":0.008850605227053166,"z":-0.0016329257050529123,"w":0.9832748770713806},"size":0.1981070637702942,"orthographic":false}