{"cameraMode":{"drawMode":0,"name":"Shaded","section":"Shading Mode"},"sceneLighting":true,"audioPlay":false,"sceneViewState":{"m_AlwaysRefresh":false,"showFog":true,"showSkybox":true,"showFlares":true,"showImageEffects":true,"showParticleSystems":true,"showVisualEffectGraphs":true,"m_FxEnabled":true},"in2DMode":false,"pivot":{"x":-0.03811240196228027,"y":0.6050365567207336,"z":0.2668006420135498},"rotation":{"x":0.16491323709487916,"y":0.8288033604621887,"z":-0.4299059212207794,"w":0.31793707609176638},"size":0.5025421380996704,"orthographic":true}