{"cameraMode":{"drawMode":0,"name":"Shaded","section":"Shading Mode"},"sceneLighting":true,"audioPlay":false,"sceneViewState":{"m_AlwaysRefresh":false,"showFog":true,"showSkybox":true,"showFlares":true,"showImageEffects":true,"showParticleSystems":true,"showVisualEffectGraphs":true,"m_FxEnabled":true},"in2DMode":false,"pivot":{"x":0.20024216175079347,"y":0.7678600549697876,"z":0.3808562159538269},"rotation":{"x":0.2535516023635864,"y":0.20556963980197907,"z":-0.05523642152547836,"w":0.9436240792274475},"size":1.8803213834762574,"orthographic":false}