{"cameraMode":{"drawMode":0,"name":"Shaded","section":"Shading Mode"},"sceneLighting":true,"audioPlay":false,"sceneViewState":{"m_AlwaysRefresh":false,"showFog":true,"showSkybox":true,"showFlares":true,"showImageEffects":true,"showParticleSystems":true,"showVisualEffectGraphs":true,"m_FxEnabled":true},"in2DMode":false,"pivot":{"x":0.0025000572204589845,"y":1.93173348903656,"z":-2.4391121864318849},"rotation":{"x":0.000026103116397280246,"y":0.9998782277107239,"z":-0.016499167308211328,"w":0.0017972813220694662},"size":1.846161127090454,"orthographic":false}