{"cameraMode":{"drawMode":0,"name":"Shaded","section":"Shading Mode"},"sceneLighting":false,"audioPlay":false,"sceneViewState":{"m_AlwaysRefresh":false,"showFog":true,"showSkybox":false,"showFlares":true,"showImageEffects":true,"showParticleSystems":true,"showVisualEffectGraphs":true,"m_FxEnabled":true},"in2DMode":false,"pivot":{"x":0.26090335845947268,"y":0.12546753883361817,"z":0.022900033742189409},"rotation":{"x":-0.15637387335300446,"y":0.6160255670547485,"z":-0.12647990882396699,"w":-0.7616395354270935},"size":0.2792680263519287,"orthographic":false}