{"cameraMode":{"drawMode":0,"name":"Shaded","section":"Shading Mode"},"sceneLighting":false,"audioPlay":false,"sceneViewState":{"m_AlwaysRefresh":false,"showFog":true,"showSkybox":false,"showFlares":true,"showImageEffects":true,"showParticleSystems":true,"showVisualEffectGraphs":true,"m_FxEnabled":true},"in2DMode":false,"pivot":{"x":-0.028648942708969117,"y":-0.022888964042067529,"z":-0.007950790226459504},"rotation":{"x":0.19072604179382325,"y":0.47764018177986147,"z":-0.10706041753292084,"w":0.8509088754653931},"size":0.17786607146263123,"orthographic":false}