{"cameraMode":{"drawMode":0,"name":"Shaded","section":"Shading Mode"},"sceneLighting":false,"audioPlay":false,"sceneViewState":{"m_AlwaysRefresh":false,"showFog":true,"showSkybox":false,"showFlares":true,"showImageEffects":true,"showParticleSystems":true,"showVisualEffectGraphs":true,"m_FxEnabled":true},"in2DMode":false,"pivot":{"x":0.2630999982357025,"y":0.020399995148181917,"z":0.012500002980232239},"rotation":{"x":0.10862217843532562,"y":-0.29502856731414797,"z":0.033781833946704867,"w":0.948703944683075},"size":0.1707514077425003,"orthographic":false}